HRLM,TC,GSR
,33.625,12015294.11764707
,33.5,14594285.714285726
,33.5625,17030000.000000015
,33.75,20440000.00000002
,33.625,18580000.000000015
,33.625,17030000.000000015
,33.4375,15718461.538461555
,33.625,17030000.000000015
,33.625,13620000.000000011
,33.5,15718461.538461555
,33.625,13620000.000000011
,33.5625,34080000.00000003
,33.625,14594285.714285726
,33.5625,10210000.00000001
,33.625,17030000.000000015
,33.625,20440000.00000002
,33.5,13620000.000000011
,33.625,20440000.00000002
,33.5625,13620000.000000011
,33.8125,15718461.538461555
,33.6875,29208571.42857145
,33.4375,10748421.052631589
,33.625,13620000.000000011
,33.6875,13620000.000000011
,33.75,15718461.538461555
,33.625,14594285.714285726
,33.5625,20440000.00000002
,33.625,18580000.000000015
,33.625,17030000.000000015
,33.5625,15718461.538461555
,33.5625,11346666.666666677
,33.625,29208571.42857145
,33.625,15718461.538461555
,33.4375,15718461.538461555
,33.6875,10748421.052631589
,33.5,14594285.714285726
,33.5,17030000.000000015
,33.625,18580000.000000015
,33.5,10748421.052631589
,33.6875,14594285.714285726
,33.5625,17030000.000000015
,33.6875,15718461.538461555
,33.625,17030000.000000015
,33.5,20440000.00000002
,33.625,11346666.666666677
,33.5625,15718461.538461555
,33.5625,13620000.000000011
,33.75,15718461.538461555
,33.625,12767500.000000011
,33.5625,15718461.538461555
,33.625,14594285.714285726
,33.5,15718461.538461555
,33.75,15718461.538461555
,33.625,17030000.000000015
,33.625,10748421.052631589
,33.625,20440000.00000002
,33.5625,11346666.666666677
,33.6875,14594285.714285726
,33.6875,22713333.333333354
,33.6875,12015294.11764707
,33.625,15718461.538461555
,33.5625,14594285.714285726
,33.625,17030000.000000015
,33.6875,18580000.000000015
,33.625,14594285.714285726
,33.5625,13620000.000000011
,33.6875,17030000.000000015
,33.625,12767500.000000011
,33.5625,17030000.000000015
,33.625,14594285.714285726
,33.6875,13620000.000000011
,33.4375,20440000.00000002
,33.5625,20440000.00000002
,33.625,14594285.714285726
,33.625,14594285.714285726
,33.6875,22713333.333333354
,33.6875,15718461.538461555
,33.75,10748421.052631589
,33.625,20440000.00000002
,33.5625,15718461.538461555
,33.625,15718461.538461555
,33.75,18580000.000000015
,33.5,17030000.000000015
,33.625,14594285.714285726
,33.5,22713333.333333354
,33.625,13620000.000000011
,33.625,12767500.000000011
,33.5625,11346666.666666677
,33.6875,15718461.538461555
,33.625,12767500.000000011
,33.625,18580000.000000015
,33.6875,15718461.538461555
,33.5625,29208571.42857145
,33.5,14594285.714285726
,33.75,17030000.000000015
,33.625,15718461.538461555
,33.625,15718461.538461555
,33.8125,15718461.538461555
,33.75,15718461.538461555
,33.8125,12767500.000000011
,33.625,12767500.000000011
,33.5,15718461.538461555
,33.6875,13620000.000000011
,33.6875,12767500.000000011
,33.625,15718461.538461555
,33.75,15718461.538461555
,33.625,10748421.052631589
,33.5,20440000.00000002
,33.5,11346666.666666677
,33.5,12015294.11764707
,33.625,22713333.333333354
,33.6875,10748421.052631589
,33.6875,14594285.714285726
,33.625,29208571.42857145
,33.4375,12015294.11764707
,33.625,14594285.714285726
,33.625,13620000.000000011
,33.5,12015294.11764707
,33.5625,11346666.666666677
,33.625,22713333.333333354
,33.5625,13620000.000000011
,33.625,14594285.714285726
,33.6875,15718461.538461555
,33.5,13620000.000000011
,33.625,17030000.000000015
,33.6875,10748421.052631589
,33.625,14594285.714285726
,33.625,15718461.538461555
,33.75,12767500.000000011
,33.5625,15718461.538461555
,33.625,20440000.00000002
,33.6875,13620000.000000011
,33.75,11346666.666666677
,33.8125,17030000.000000015
,33.5625,9722857.142857153
,33.5,10210000.00000001
,33.6875,14594285.714285726
,33.75,6180000.000000006
,33.625,9722857.142857153
,33.5,18580000.000000015
,33.625,14594285.714285726
,33.625,14594285.714285726
,33.5625,609538.4615384621
,33.8125,414394.9044585991
,33.6875,440810.81081081124
,33.6875,371954.02298850537
,33.75,172655.36723163843
,33.75,41202.512713131924
,33.6875,26310.547759167046
,33.6875,22830.228176679924
,33.75,21678.549602770418
,33.625,23559.71896955503
,33.5625,22902.075906898717
,33.625,20283.52037802717
,33.625,21100.84371233427
,33.625,20180.675569520816
,33.75,20133.385641428013
,33.5,20149.136577708006
,33.625,20101.920815366524
,33.6875,20109.782395608705
,33.5625,20125.514806824867
,33.5625,20125.514806824867
,33.625,20133.385641428013
,33.6875,20117.647058823528
,33.625,20094.06231628454
,33.6875,20141.259564449676
,33.5625,20125.514806824867
,33.5,20094.06231628454
,33.625,20094.06231628454
,33.625,20125.514806824867
,33.625,20141.259564449676
,33.4375,20125.514806824867
,33.5,20101.920815366524
,33.625,20141.259564449676
,33.5,20125.514806824867
,33.625,20125.514806824867
,33.6875,20141.259564449676
,33.625,20133.385641428013
,33.4375,20133.385641428013
,33.625,20149.136577708006
,33.4375,20133.385641428013
,33.625,20101.920815366524
,33.5,20133.385641428013
,33.625,20141.259564449676
,33.5,20125.514806824867
,33.625,20141.259564449676
,33.5,20109.782395608705
,33.75,20117.647058823528
,33.6875,20133.385641428013
,33.625,20141.259564449676
,33.5625,20149.136577708006
,33.8125,20133.385641428013
,33.6875,20164.89988221437
,33.5625,20109.782395608705
,33.5625,20109.782395608705
,33.5625,20125.514806824867
,33.4375,20109.782395608705
,33.4375,20109.782395608705
,33.5,20070.50528789659
,33.625,20094.06231628454
,33.5625,20078.35455435847
,33.6875,20109.782395608705
,33.5,20078.35455435847
,33.5625,20086.20689655172
,33.5,20086.20689655172
,33.5625,20078.35455435847
,33.6875,20094.06231628454
,33.5625,20086.20689655172
,33.5,20133.385641428013
,33.5,20109.782395608705
,33.5625,20117.647058823528
,33.5,20094.06231628454
,33.5625,20078.35455435847
,33.75,20086.20689655172
,33.625,20094.06231628454
,33.5625,20086.20689655172
,33.6875,20109.782395608705
,33.625,20078.35455435847
,33.625,20078.35455435847
,33.75,20125.514806824867
,33.6875,20086.20689655172
,33.625,20070.50528789659
,33.625,20094.06231628454
,33.6875,20125.514806824867
,33.625,20109.782395608705
,33.625,20133.385641428013
,33.4375,20070.50528789659
,33.8125,20141.259564449676
,33.625,20133.385641428013
,33.5,20117.647058823528
,33.4375,20094.06231628454
,33.5625,20094.06231628454
,33.5625,20125.514806824867
,33.625,20125.514806824867
,33.625,20117.647058823528
,33.625,20094.06231628454
,33.625,20125.514806824867
,33.5,20133.385641428013
,33.6875,20125.514806824867
,33.625,20109.782395608705
,33.4375,20101.920815366524
,33.5,20101.920815366524
,33.5625,20125.514806824867
,33.625,20094.06231628454
,33.375,20109.782395608705
,33.5625,20125.514806824867
,33.5625,20078.35455435847
,33.625,20078.35455435847
,33.5625,20125.514806824867
,33.5,20149.136577708006
,33.625,20157.016683022568
,33.5,20133.385641428013
,33.5625,20117.647058823528
,33.625,20117.647058823528
,33.625,20117.647058823528
,33.625,20086.20689655172
,33.75,20101.920815366524
,33.5,20117.647058823528
,33.5625,20086.20689655172
,33.625,20094.06231628454
,33.5625,20141.259564449676
,33.625,20133.385641428013
,33.625,20109.782395608705
,33.625,20109.782395608705
,33.625,20133.385641428013
,33.5625,20141.259564449676
,33.625,20141.259564449676
,33.5,20078.35455435847
,33.5,20133.385641428013
,33.625,20125.514806824867
,33.5625,20125.514806824867
,33.625,20125.514806824867
,33.625,20149.136577708006
,33.625,20086.20689655172
,33.625,20078.35455435847
,33.4375,20117.647058823528
,33.5,20157.016683022568
,33.625,20109.782395608705
,33.5,20101.920815366524
,33.5625,20117.647058823528
,33.625,20094.06231628454
,33.625,20109.782395608705
,33.5625,20164.89988221437
,33.625,20125.514806824867
,33.5,20141.259564449676
,33.6875,20188.56806128462
,33.625,20094.06231628454
,33.5,20117.647058823528
,33.625,20117.647058823528
,33.6875,20149.136577708006
,33.4375,20133.385641428013
,33.5625,20180.675569520816
,33.625,20086.20689655172
,33.625,20149.136577708006
,33.625,20094.06231628454
,33.625,20078.35455435847
,33.625,20141.259564449676
,33.4375,20086.20689655172
,33.5625,20157.016683022568
,33.6875,20070.50528789659
,33.5625,20101.920815366524
,33.625,20157.016683022568
,33.4375,20109.782395608705
,33.75,20141.259564449676
,33.625,20101.920815366524
,33.625,20101.920815366524
,33.625,20117.647058823528
,33.5,20094.06231628454
,33.625,20149.136577708006
,33.4375,20117.647058823528
,33.5,20101.920815366524
,33.5,20133.385641428013
,33.5625,20109.782395608705
,33.6875,20109.782395608705
,33.5625,20125.514806824867
,33.5,20133.385641428013
,33.6875,20164.89988221437
,33.4375,20101.920815366524
,33.5625,20109.782395608705
,33.625,20125.514806824867
,33.5,20133.385641428013
,33.6875,20109.782395608705
,33.6875,20149.136577708006
,33.6875,20101.920815366524
,33.5625,20141.259564449676
,33.625,20125.514806824867
,33.4375,20125.514806824867
,33.6875,20109.782395608705
,33.5625,20086.20689655172
,33.625,20141.259564449676
,33.5625,20164.89988221437
,33.625,20133.385641428013
,33.625,20117.647058823528
,33.6875,20133.385641428013
,33.625,20094.06231628454
,33.5625,20157.016683022568
,33.625,20133.385641428013
,33.625,20101.920815366524
,33.6875,20117.647058823528
,33.5,20117.647058823528
,33.5,20094.06231628454
,33.625,20094.06231628454
,33.6875,20078.35455435847
,33.6875,20109.782395608705
,33.5625,20125.514806824867
,33.4375,20094.06231628454
,33.5,20086.20689655172
,33.5,20164.89988221437
,33.625,20133.385641428013
,33.6875,20101.920815366524
,33.4375,20125.514806824867
,33.625,20125.514806824867
,33.625,20141.259564449676
,33.4375,20094.06231628454
,33.625,20101.920815366524
,33.5625,20149.136577708006
,33.5,20125.514806824867
,33.625,20086.20689655172
,33.5,20141.259564449676
,33.5625,20172.78617710583
,33.625,20101.920815366524
,33.5,20172.78617710583
,33.625,20157.016683022568
,33.5,20094.06231628454
,33.5,20117.647058823528
,33.625,20094.06231628454
,33.375,20149.136577708006
,33.6875,20125.514806824867
,33.625,20086.20689655172
,33.5,20149.136577708006
,33.6875,20109.782395608705
,33.5625,20149.136577708006
,33.6875,20141.259564449676
,33.5,20141.259564449676
,33.5,20094.06231628454
,33.6875,20133.385641428013
,33.625,20078.35455435847
,33.625,20109.782395608705
,33.6875,20086.20689655172
,33.6875,20141.259564449676
,33.625,20125.514806824867
,33.8125,20086.20689655172
,33.6875,20117.647058823528
,33.625,20109.782395608705
,33.625,20133.385641428013
,33.4375,20078.35455435847
,33.625,20109.782395608705
,33.6875,20086.20689655172
,33.625,20094.06231628454
,33.625,20109.782395608705
,33.5625,20125.514806824867
,33.6875,20133.385641428013
,33.625,20125.514806824867
,33.625,20094.06231628454
,33.6875,20172.78617710583
,33.6875,20094.06231628454
,33.6875,20133.385641428013
,33.6875,20109.782395608705
,33.625,20086.20689655172
,33.5625,20164.89988221437
,33.625,20070.50528789659
,33.625,20157.016683022568
,33.6875,20094.06231628454
,33.5625,20157.016683022568
,33.6875,20130.761686825757
,33.5625,
,33.625,
,33.75,
,33.625,
,33.5625,
,33.625,
,33.625,
,33.6875,
,33.625,
,33.6875,
,33.5625,
,33.625,
,33.5,
,33.5625,
,33.625,
,33.75,
,33.5625,
,33.625,
,33.5,
,33.6875,
,33.625,
,33.6875,
,33.6875,
,33.5,
,33.8125,
,33.625,
,33.625,
,33.6875,
,33.5,
,33.5,
,33.625,
,33.625,
,33.625,
,33.6875,
,33.625,
,33.5625,
,33.75,
,33.4375,
,33.5,
,33.5625,
,33.625,
,33.4375,
,33.625,
,33.5,
,33.5625,
,33.75,
,33.5,
,33.5625,
,33.6875,
,33.6875,
,33.625,
,33.625,
,33.6875,
,33.6875,
,33.625,
,33.6875,
,33.625,
,33.5625,
,33.625,
,33.625,
,33.5625,
,33.6875,
,33.6875,
,33.5625,
,33.6875,
,33.5625,
,33.5625,
,33.8125,
,33.625,
,33.625,
,33.6875,
,33.6875,
,33.6875,
,33.5625,
,33.6875,
,33.625,
,33.75,
,33.625,
,33.5625,
,33.5,
,33.375,
,33.6875,
,33.625,
,33.5625,
,33.6875,
,33.6875,
,33.6875,
,33.625,
,33.375,
,33.6875,
,33.75,
,33.6875,
,33.5625,
,33.5,
,33.5,
,33.5,
,33.625,
,33.625,
,33.6875,
,33.5,
,33.625,
,33.625,
,33.625,
,33.4375,
,33.625,
,33.6875,
,33.6875,
,33.625,
,33.625,
,33.625,
,33.5,
,33.5,
,33.625,
,33.625,
,33.75,
,33.6875,
,33.6875,
,33.625,
,33.625,
,33.4375,
,33.625,
,33.6875,
,33.5,
,33.625,
,33.5625,
,33.625,
,33.75,
,33.625,
,33.6875,
,33.5,
,33.5625,
,33.5625,
,33.625,
,33.4375,
,33.5,
,33.5,
,33.625,
,33.5,
,33.625,
,33.625,
,33.625,
,33.6875,
,33.5625,
,33.75,
,33.5,
,33.6875,
,33.6875,
,33.6875,
,33.6875,
,33.625,
,33.5,
,33.625,
,33.625,
,33.5,
,33.6875,
,33.6875,
,33.625,
,33.625,
,33.6875,
,33.625,
,33.6875,
,33.6875,
,33.625,
,33.6875,
,33.6875,
,33.5625,
,33.5,
,33.5625,
,33.625,
,33.6875,
,33.5625,
,33.75,
,33.625,
,33.75,
,33.625,
,33.6875,
,33.625,
,33.625,
,33.5625,
,33.625,
,33.625,
,33.6875,
,33.8125,
,33.5,
,33.625,
,33.625,
,33.625,
,33.6875,
,33.5625,
,33.5,
,33.625,
,33.625,
,33.625,
,33.625,
,33.5,
,33.6875,
,33.6875,
,33.75,
,33.5625,
,33.625,
,33.75,
,33.75,
,33.625,
,33.75,
,33.625,
,33.625,
,33.5,
,33.625,
,33.5,
,33.625,
,33.6875,
,33.625,
,33.625,
,33.625,
,33.625,
,33.625,
,33.5,
,33.6875,
,33.5625,
,33.5,
,33.6875,
,33.625,
,33.6875,
,33.625,
,33.5625,
,33.625,
,33.5,
,33.625,
,33.5625,
,33.6875,
,33.625,
,33.4375,
,33.625,
,33.75,
,33.6875,
,33.625,
,33.625,
,33.625,
,33.6875,
,33.6875,
,33.625,
,33.6875,
,33.625,
,33.625,
,33.75,
,33.5625,
,33.625,
,33.5625,
,33.8125,
,33.6875,
,33.75,
,33.6875,
,33.625,
,33.6875,
,33.625,
,33.6875,
,33.6875,
,33.625,
,33.75,
,33.5,
,33.625,
,33.625,
,33.5625,
,33.5625,
,33.625,
,33.625,
,33.625,
,33.5625,
,33.6875,
,33.75,
,33.625,
,33.625,
,33.6875,
,33.6875,
,33.8125,
,33.6875,
,33.625,
,33.6875,
,33.6875,
,33.5625,
,33.5,
,33.75,
,33.5625,
,33.625,
,33.6875,
,33.625,
,33.75,
,33.625,
,33.625,
,33.625,
,33.6875,
,33.6875,
,33.75,
,33.6875,
,33.75,
,33.5,
,33.75,
,33.6875,
,33.5625,
,33.6875,
,33.75,
,33.625,
,33.75,
,33.75,
,33.625,
,33.6875,
,33.6875,
,33.75,
,33.625,
,33.5625,
,33.625,
,33.625,
,33.6875,
,33.5625,
,33.625,
,33.8125,
,33.625,
,33.625,
,33.75,
,33.75,
,33.75,
,33.625,
,33.6875,
,33.75,
,33.625,
,33.6875,
,33.75,
,33.6875,
,33.75,
,33.6875,
,33.75,
,33.625,
,33.625,
,33.6875,
,33.5,
,33.5625,
,33.75,
,33.6875,
,33.625,
,33.4375,
,33.6875,
,33.5,
,33.625,
,33.5,
,33.625,
,33.6875,
,33.5625,
,33.8125,
,33.6875,
,33.625,
,33.6875,
,33.625,
,33.625,
,33.75,
,33.625,
,33.6875,
,33.75,
,33.6875,
,33.6875,
,33.75,
,33.625,
,33.8125,
,33.625,
,33.5625,
,33.75,
,33.75,
,33.625,
,33.6875,
,33.75,
,33.6875,
,33.5625,
,33.625,
,33.6875,
,33.75,
,33.6875,
,33.6875,
,33.625,
,33.625,
,33.625,
,33.75,
,33.5625,
,33.75,
,33.6875,
,33.6875,
,33.625,
,33.6875,
,33.625,
,33.6875,
,33.625,
,33.75,
,33.8125,
,33.75,
,33.75,
,33.625,
,33.75,
,33.625,
,33.6875,
,33.75,
,33.75,
,33.75,
,33.6875,
,33.625,
,33.75,
,33.8125,
,33.8125,
,33.8125,
,33.6875,
,33.8125,
,33.625,
,33.8125,
,33.625,
,33.625,
,33.75,
,33.6875,
,33.6875,
,33.8125,
,33.75,
,33.8125,
,33.625,
,33.625,
,33.6875,
,33.875,
,33.6875,
,33.6875,
,33.75,
,33.8125,
,33.8125,
,33.6875,
,33.625,
,33.75,
,33.6875,
,33.6875,
,33.75,
,33.625,
,33.625,
,33.75,
,33.6875,
,33.75,
,33.625,
,33.6875,
,33.5625,
,33.6875,
,33.8125,
,33.625,
,33.875,
,33.75,
,33.75,
,33.8125,
,33.75,
,33.8125,
,33.625,
,33.875,
,33.75,
,33.625,
,33.6875,
,33.6875,
,33.6875,
,33.8125,
,33.6875,
,33.75,
,33.6875,
,33.6875,
,33.6875,
,33.6875,
,33.75,
,33.75,
,33.75,
,33.75,
,33.75,
,33.8125,
,33.8125,
,33.625,
,33.875,
,33.6875,
,33.75,
,33.8125,
,33.6875,
,33.75,
,33.8125,
,33.75,
,33.75,
,33.6875,
,33.75,
,33.6875,
,33.875,
,33.8125,
,33.8125,
,33.6875,
,33.8125,
,33.625,
,33.625,
,33.8125,
,33.6875,
,33.8125,
,33.8125,
,33.75,
,33.4375,
,33.75,
,33.75,
,33.75,
,33.75,
,33.625,
,33.75,
,33.9375,
,33.875,
,33.8125,
,33.75,
,33.8125,
,33.75,
,33.8125,
,33.6875,
,33.6875,
,33.625,
,33.8125,
,33.8125,
,33.75,
,33.75,
,33.875,
,33.875,
,33.75,
,33.875,
,33.625,
,33.75,
,33.8125,
,33.8125,
,33.75,
,33.75,
,33.8125,
,33.75,
,33.875,
,33.75,
,33.75,
,33.8125,
,33.75,
,33.75,
,33.6875,
,33.6875,
,33.6875,
,33.625,
,33.6875,
,33.875,
,33.75,
,33.75,
,33.8125,
,33.6875,
,33.625,
,33.625,
,33.75,
,33.8125,
,33.75,
,33.6875,
,33.75,
,33.75,
,33.8125,
,33.8125,
,33.875,
,33.875,
,33.6875,
,33.75,
,33.75,
,33.875,
,33.6875,
,33.875,
,33.75,
,33.75,
,33.8125,
,33.6875,
,33.6875,
,33.875,
,33.75,
,33.75,
,33.75,
,33.8125,
,33.75,
,33.75,
,33.6875,
,33.75,
,33.8125,
,33.6875,
,33.8125,
,33.75,
,33.6875,
,33.75,
,33.75,
,33.875,
,33.75,
,33.8125,
,33.6875,
,33.75,
,33.6875,
,33.6875,
,33.6875,
,33.75,
,33.625,
,33.75,
,33.6875,
,33.75,
,33.75,
,33.8125,
,33.6875,
,33.75,
,33.6875,
,33.625,
,33.8125,
,33.75,
,33.6875,
,33.5625,
,33.9375,
,33.75,
,33.6875,
,33.625,
,33.8125,
,33.6875,
,33.6875,
,34,
,33.6875,
,33.625,
,33.6875,
,33.625,
,33.6875,
,33.8125,
,33.8125,
,33.75,
,33.75,
,33.8125,
,33.9375,
,33.8125,
,33.75,
,33.8125,
,33.8125,
,33.75,
,33.6875,
,33.9375,
,33.75,
,33.8125,
,33.6875,
,33.8125,
,33.625,
,33.8125,
,33.75,
,33.6875,
,33.625,
,33.6875,
,33.75,
,33.8125,
,33.875,
,33.8125,
,33.6875,
,33.8125,
,33.8125,
,33.875,
,33.75,
,33.75,
,33.6875,
,33.75,
,33.625,
,33.625,
,33.6875,
,33.75,
,33.75,
,33.875,
,33.8125,
,33.75,
,33.6875,
,33.6875,
,33.6875,
,33.75,
,33.6875,
,33.75,
,33.8125,
,33.6875,
,33.75,
,33.6875,
,33.8125,
,33.6875,
,33.625,
,33.8125,
,33.625,
,33.625,
,33.8125,
,33.6875,
,33.625,
,33.8125,
,33.75,
,33.75,
,33.6875,
,33.8125,
,33.8125,
,33.875,
,33.6875,
,33.8125,
,33.75,
,33.8125,
,33.75,
,33.6875,
,33.6875,
,33.6875,
,33.8125,
,33.75,
,33.5625,
,33.8125,
,33.75,
,33.8125,
,33.6875,
,33.6875,
,33.6875,
,33.625,
,33.6875,
,33.75,
,33.75,
,33.8125,
,33.6875,
,33.6875,
,33.5,
,33.75,
,33.8125,
,33.5,
,33.6875,
,33.75,
,33.9375,
,33.75,
,33.6875,
,33.8125,
,33.6875,
,33.6875,
,33.75,
,33.875,
,33.75,
,33.6875,
,33.6875,
,33.625,
,33.8125,
,33.875,
,33.6875,
,33.8125,
,33.6875,
,33.625,
,33.75,
,33.8125,
,33.6875,
,33.75,
,33.6875,
,33.875,
,33.625,
,33.8125,
,33.8125,
,33.8125,
,33.6875,
,33.625,
,33.6875,
,33.6875,
,33.8125,
,33.75,
,33.8125,
,33.75,
,33.625,
,33.75,
,33.6875,
,33.75,
,33.75,
,33.8125,
,33.6875,
,33.75,
,33.6875,
,33.625,
,33.8125,
,33.8125,
,33.8125,
,33.5625,
,33.8125,
,33.75,
,33.625,
,33.75,
,33.8125,
,33.75,
,33.8125,
,33.6875,
,33.9375,
,33.5625,
,33.625,
,33.6875,
,33.5625,
,33.625,
,33.625,
,33.6875,
,33.6875,
,33.75,
,33.75,
,33.5625,
,33.6875,
,33.6875,
,33.8125,
,33.8125,
,33.8125,
,33.75,
,33.6875,
,33.6875,
,33.75,
,33.625,
,33.75,
,33.8125,
,33.75,
,33.875,
,33.75,
,33.6875,
,33.6875,
,33.625,
,33.5625,
,33.6875,
,33.75,
,33.6875,
,33.75,
,33.625,
,33.625,
,33.625,
,33.75,
,33.6875,
,33.625,
,33.75,
,33.6875,
,33.6875,
,33.6875,
,33.75,
,33.8125,
,33.625,
,33.6875,
,33.6875,
,33.6875,
,33.8125,
,33.625,
,33.75,
,33.6875,
,33.75,
,33.6875,
,33.6875,
,33.6875,
,33.625,
,33.625,
,33.625,
,33.625,
,33.5625,
,33.625,
,33.8125,
,33.625,
,33.875,
,33.6875,
,33.8125,
,33.6875,
,33.5,
,33.6875,
,33.75,
,33.625,
,33.6875,
,33.625,
,33.6875,
,33.6875,
,33.4375,
,33.5625,
,33.75,
,33.6875,
,33.6875,
,33.8125,
,33.6875,
,33.6875,
,33.6875,
,33.875,
,33.75,
,33.625,
,33.6875,
,33.75,
,33.75,
,33.75,
,33.6875,
,33.75,
,33.5,
,33.625,
,33.5,
,33.6875,
,33.625,
,33.6875,
,33.5625,
,33.6875,
,33.75,
,33.6875,
,33.6875,
,33.6875,
,33.75,
,33.625,
,33.625,
,33.625,
,33.75,
,33.625,
,33.6875,
,33.625,
,33.6875,
,33.6875,
,33.6875,
,33.625,
,33.6875,
,33.8125,
,33.6875,
,33.6875,
,33.625,
,33.625,
,33.625,
,33.6875,
,33.6875,
,33.5625,
,33.75,
,33.625,
,33.5,
,33.625,
,33.5625,
,33.5,
,33.8125,
,33.75,
,33.75,
,33.625,
,33.75,
,33.6875,
,33.6875,
,33.6875,
,33.625,
,33.625,
,33.6875,
,33.8125,
,33.625,
,33.625,
,33.625,
,33.6875,
,33.5,
,33.6875,
,33.6875,
,33.5625,
,33.625,
,33.6875,
,33.75,
,33.75,
,33.6875,
,33.5625,
,33.8125,
,33.6875,
,33.6875,
,33.75,
,33.8125,
,33.625,
,33.6875,
,33.875,
,33.625,
,33.625,
,33.625,
,33.5625,
,33.5,
,33.6875,
,33.5,
,33.625,
,33.6875,
,33.6875,
,33.6875,
,33.5625,
,33.6875,
,33.6875,
,33.625,
,33.625,
,33.75,
,33.625,
,33.75,
,33.625,
,33.6875,
,33.75,
,33.6875,
,33.625,
,33.75,
,33.625,
,33.6875,
,33.625,
,33.6875,
,33.6875,
,33.6875,
,33.625,
,33.625,
,33.5,
,33.5625,
,33.625,
,33.625,
,33.6875,
,33.5625,
,33.5,
,33.6875,
,33.625,
,33.625,
,33.625,
,33.6875,
,33.75,
,33.6875,
,33.75,
,33.75,
,33.6875,
,33.6875,
,33.6875,
,33.6875,
,33.625,
,33.5625,
,33.625,
,33.6875,
,33.625,
,33.625,
,33.75,
,33.625,
,33.5625,
,33.5625,
,33.8125,
,33.5625,
,33.6875,
,33.75,
,33.625,
,33.5625,
,33.625,
,33.5625,
,33.625,
,33.625,
,33.6875,
,33.625,
,33.75,
,33.5625,
,33.6875,
,33.75,
,33.625,
,33.625,
,33.625,
,33.625,
,33.6875,
,33.625,
,33.6875,
,33.6875,
,33.6875,
,33.6875,
,33.625,
,33.625,
,33.6875,
,33.5625,
,33.5625,
,33.6875,
,33.4375,
,33.6875,
,33.625,
,33.75,
,33.6875,
,33.625,
,33.625,
,33.6875,
,33.625,
,33.6875,
,33.6875,
,33.625,
,33.625,
,33.5625,
,33.5625,
,33.625,
,33.625,
,33.625,
,33.625,
,33.6875,
,33.625,
,33.5625,
,33.5625,
,33.5625,
,33.625,
,33.625,
,33.625,
,33.6875,
,33.5625,
,33.625,
,33.6875,
,33.75,
,33.625,
,33.625,
,33.5,
,33.6875,
,33.5,
,33.625,
,33.75,
,33.6875,
,33.5,
,33.6875,
,33.625,
,33.625,
,33.6875,
,33.6875,
,33.4375,
,33.75,
,33.5625,
,33.5625,
,33.5,
,33.5625,
,33.5,
,33.625,
,33.75,
,33.5625,
,33.6875,
,33.625,
,33.5,
,33.5625,
,33.6875,
,33.5625,
,33.625,
,33.5625,
,33.6875,
,33.625,
,33.625,
,33.625,
,33.6875,
,33.625,
,33.625,
,33.6875,
,33.625,
,33.5625,
,33.5625,
,33.75,
,33.625,
,33.6875,
,33.5,
,33.625,
,33.5625,
,33.5,
,33.5,
,33.6875,
,33.5625,
,33.5625,
,33.625,
,33.625,
,33.6875,
,33.625,
,33.5,
,33.5625,
,33.5,
,33.625,
,33.625,
,33.625,
,33.6875,
,33.625,
,33.625,
,33.75,
,33.625,
,33.625,
,33.6875,
,33.625,
,33.625,
,33.625,
,33.75,
,33.625,
,33.625,
,33.75,
,33.6875,
,33.625,
,33.6875,
,33.625,
,33.625,
,33.5625,
,33.5625,
,33.5,
,33.5,
,33.5625,
,33.625,
,33.6875,
,33.625,
,33.625,
,33.5625,
,33.75,
,33.6875,
,33.6875,
,33.5,
,33.625,
,33.4375,
,33.625,
,33.75,
,33.625,
,33.625,
,33.625,
,33.5625,
,33.625,
,33.625,
,33.375,
,33.6875,
,33.625,
,33.375,
,33.6875,
,33.5,
,33.75,
,33.5625,
,33.75,
,33.625,
,33.75,
,33.625,
,33.625,
,33.4375,
,33.625,
,33.5,
,33.625,
,33.625,
,33.625,
,33.625,
,33.5,
,33.5,
,33.5625,
,33.625,
,33.5,
,33.625,
,33.6875,
,33.5625,
,33.625,
,33.6875,
,33.5,
,33.5,
,33.5625,
,33.625,
,33.5,
,33.625,
,33.5,
,33.625,
,33.4375,
,33.5,
,33.5625,
,33.6875,
,33.625,
,33.5,
,33.5,
,33.6875,
,33.75,
,33.625,
,33.5,
,33.5,
,33.625,
,33.625,
,33.5,
,33.625,
,33.5,
,33.625,
,33.5,
,33.5625,
,33.625,
,33.625,
,33.5,
,33.625,
,33.625,
,33.6875,
,33.6875,
,33.5,
,33.625,
,33.625,
,33.625,
,33.5625,
,33.625,
,33.625,
,33.625,
,33.5625,
,33.5,
,33.625,
,33.375,
,33.6875,
,33.625,
,33.625,
,33.75,
,33.6875,
,33.6875,
,33.5,
,33.625,
,33.625,
,33.8125,
,33.625,
,33.5625,
,33.625,
,33.5,
,33.625,
,33.625,
,33.6875,
,33.6875,
,33.6875,
,33.625,
,33.625,
,33.5625,
,33.625,
,33.625,
,33.625,
,33.625,
,33.5625,
,33.625,
,33.6875,
,33.625,
,33.5,
,33.5,
,33.4375,
,33.6875,
,33.6875,
,33.625,
,33.625,
,33.625,
,33.6875,
,33.5,
,33.625,
,33.625,
,33.625,
,33.625,
,33.6875,
,33.625,
,33.625,
,33.625,
,33.75,
,33.6875,
,33.5,
,33.6875,
,33.5,
,33.5,
,33.5,
,33.5,
,33.5625,
,33.625,
,33.625,
,33.6875,
,33.5,
,33.625,
,33.625,
,33.5625,
,33.625,
,33.6875,
,33.625,
,33.5625,
,33.625,
,33.5625,
,33.625,
,33.5625,
,33.5625,
,33.625,
,33.6875,
,33.625,
,33.5625,
,33.625,
,33.625,
,33.625,
,33.5625,
,33.5625,
,33.75,
,33.6875,
,33.5625,
,33.625,
,33.5625,
,33.5625,
,33.625,
,33.5625,
,33.5625,
,33.75,
,33.5,
,33.625,
,33.625,
,33.5,
,33.5625,
,33.6875,
,33.6875,
,33.625,
,33.6875,
,33.6875,
,33.6875,
,33.6875,
,33.5625,
,33.625,
,33.8125,
,33.6875,
,33.625,
,33.625,
,33.6875,
,33.625,
,33.5625,
,33.5,
,33.625,
,33.5625,
,33.4375,
,33.5625,
,33.625,
,33.5625,
,33.625,
,33.4375,
,33.5625,
,33.5,
,33.6875,
,33.5625,
,33.6875,
,33.625,
,33.625,
,33.625,
,33.5,
,33.6875,
,33.5,
,33.625,
,33.625,
,33.6875,
,33.625,
,33.75,
,33.625,
,33.625,
,33.625,
,33.5625,
,33.4375,
,33.625,
,33.625,
,33.5,
,33.5,
,33.4375,
,33.625,
,33.625,
,33.4375,
,33.4375,
,33.625,
,33.6875,
,33.5,
,33.6875,
,33.5,
,33.5,
,33.625,
,33.4375,
,33.625,
,33.5,
,33.625,
,33.5,
,33.5,
,33.5,
,33.5625,
,33.625,
,33.625,
,33.5625,
,33.625,
,33.5625,
,33.4375,
,33.6875,
,33.4375,
,33.625,
,33.625,
,33.5625,
,33.5,
,33.5,
,33.4375,
,33.625,
,33.625,
,33.5,
,33.625,
,33.625,
,33.625,
,33.6875,
,33.5625,
,33.4375,
,33.625,
,33.625,
,33.6875,
,33.5,
,33.5,
,33.5625,
,33.625,
,33.4375,
,33.5,
,33.625,
,33.5,
,33.6875,
,33.5625,
,33.625,
,33.625,
,33.5,
,33.5625,
,33.6875,
,33.4375,
,33.625,
,33.625,
,33.5625,
,33.625,
,33.625,
,33.625,
,33.5,
,33.5625,
,33.5,
,33.375,
,33.5,
,33.625,
,33.625,
,33.5625,
,33.625,
,33.375,
,33.625,
,33.5625,
,33.5,
,33.5,
,33.5625,
,33.5625,
,33.625,
,33.5,
,33.5,
,33.625,
,33.5,
,33.625,
,33.5625,
,33.625,
,33.625,
,33.4375,
,33.625,
,33.5625,
,33.4375,
,33.6875,
,33.5625,
,33.5625,
,33.5,
,33.5625,
,33.625,
,33.5,
,33.5625,
,33.5625,
,33.625,
,33.5,
,33.5,
,33.625,
,33.375,
,33.625,
,33.625,
,33.4375,
,33.5625,
,33.5625,
,33.625,
,33.625,
,33.4375,
,33.6875,
,33.6875,
,33.625,
,33.75,
,33.5625,
,33.6875,
,33.625,
,33.5625,
,33.5,
,33.4375,
,33.5,
,33.6875,
,33.5625,
,33.5,
,33.625,
,33.5,
,33.625,
,33.6875,
,33.625,
,33.4375,
,33.5625,
,33.625,
,33.5,
,33.5,
,33.5625,
,33.5,
,33.5,
,33.5,
,33.625,
,33.5625,
,33.625,
,33.4375,
,33.4375,
,33.5625,
,33.6875,
,33.5625,
,33.5,
,33.4375,
,33.5,
,33.4375,
,33.625,
,33.5,
,33.5,
,33.625,
,33.625,
,33.625,
,33.5,
,33.5625,
,33.375,
,33.5625,
,33.625,
,33.625,
,33.625,
,33.6875,
,33.625,
,33.5,
,33.5,
,33.4375,
,33.5,
,33.4375,
,33.625,
,33.625,
,33.5,
,33.6875,
,33.625,
,33.5,
,33.6875,
,33.5,
,33.5,
,33.5,
,33.5,
,33.4375,
,33.5625,
,33.625,
,33.5,
,33.4375,
,33.5625,
,33.5,
,33.5,
,33.5,
,33.625,
,33.5625,
,33.625,
,33.5,
,33.5,
,33.625,
,33.5,
,33.5625,
,33.5,
,33.5625,
,33.5625,
,33.625,
,33.5,
,33.6875,
,33.5625,
,33.5,
,33.625,
,33.625,
,33.375,
,33.625,
,33.5,
,33.6875,
,33.4375,
,33.4375,
,33.6875,
,33.4375,
,33.5,
,33.625,
,33.625,
,33.5,
,33.375,
,33.5,
,33.6875,
,33.5625,
,33.5,
,33.4375,
,33.625,
,33.6875,
,33.4375,
,33.5,
,33.4375,
,33.5625,
,33.4375,
,33.625,
,33.5625,
,33.5,
,33.4375,
,33.5,
,33.6875,
,33.5625,
,33.625,
,33.625,
,33.5,
,33.625,
,33.625,
,33.5625,
,33.4375,
,33.5,
,33.5625,
,33.5625,
,33.5,
,33.5,
,33.625,
,33.5,
,33.5625,
,33.5625,
,33.4375,
,33.5,
,33.4375,
,33.4375,
,33.5,
,33.5625,
,33.625,
,33.5,
,33.625,
,33.625,
,33.6875,
,33.625,
,33.625,
,33.5625,
,33.4375,
,33.5,
,33.4375,
,33.5625,
,33.5625,
,33.6875,
,33.625,
,33.5,
,33.625,
,33.5625,
,33.5625,
,33.75,
,33.625,
,33.5,
,33.5,
,33.5625,
,33.625,
,33.5625,
,33.375,
,33.4375,
,33.5625,
,33.4375,
,33.5,
,33.625,
,33.5625,
,33.625,
,33.5,
,33.625,
,33.5,
,33.5,
,33.5,
,33.4375,
,33.5,
,33.4375,
,33.4375,
,33.625,
,33.6875,
,33.625,
,33.5,
,33.4375,
,33.625,
,33.5625,
,33.5,
,33.625,
,33.4375,
,33.5,
,33.625,
,33.4375,
,33.625,
,33.5,
,33.5,
,33.5,
,33.6875,
,33.5,
,33.625,
,33.625,
,33.5,
,33.625,
,33.5625,
,33.6875,
,33.5,
,33.5,
,33.3125,
,33.4375,
,33.5625,
,33.5,
,33.625,
,33.5625,
,33.5625,
,33.5625,
,33.5,
,33.5,
,33.4375,
,33.625,
,33.5,
,33.5625,
,33.625,
,33.5,
,33.4375,
,33.5,
,33.5625,
,33.5625,
,33.4375,
,33.5,
,33.5,
,33.4375,
,33.5625,
,33.5,
,33.4375,
,33.4375,
,33.5,
,33.4375,
,33.625,
,33.625,
,33.5,
,33.5625,
,33.5625,
,33.5625,
,33.625,
,33.625,
,33.6875,
,33.5625,
,33.5,
,33.5,
,33.4375,
,33.4375,
,33.375,
,33.5,
,33.625,
,33.5625,
,33.625,
,33.5,
,33.5625,
,33.5,
,33.3125,
,33.5625,
,33.5,
,33.4375,
,33.5,
,33.5,
,33.5,
,33.4375,
,33.5625,
,33.5,
,33.625,
,33.5625,
,33.5,
,33.375,
,33.625,
,33.625,
,33.625,
,33.5,
,33.625,
,33.5625,
,33.5625,
,33.5625,
,33.4375,
,33.5,
,33.625,
,33.4375,
,33.5,
,33.5,
,33.625,
,33.5,
,33.5625,
,33.5,
,33.5625,
,33.5,
,33.5,
,33.625,
,33.4375,
,33.625,
,33.75,
,33.5625,
,33.6875,
,33.5,
,33.625,
,33.6875,
,33.6875,
,33.625,
,33.625,
,33.625,
,33.6875,
,33.75,
,33.875,
,33.75,
,33.8125,
,33.8125,
,33.625,
,33.6875,
,33.75,
,33.9375,
,33.75,
,33.625,
,33.875,
,33.75,
,33.875,
,33.625,
,33.8125,
,33.75,
,33.6875,
,33.8125,
,33.6875,
,33.8125,
,33.625,
,33.875,
,33.75,
,33.6875,
,33.875,
,33.9375,
,33.8125,
,33.9375,
,33.9375,
,33.75,
,34.0625,
,33.875,
,33.9375,
,33.75,
,33.9375,
,33.875,
,33.8125,
,33.8125,
,33.75,
,33.9375,
,33.875,
,34,
,33.9375,
,33.8125,
,33.9375,
,33.9375,
,34.0625,
,33.9375,
,34.0625,
,33.875,
,34,
,34.0625,
,34,
,34,
,34.0625,
,34.0625,
,34,
,34.1875,
,34.0625,
,33.9375,
,34.0625,
,34,
,34,
,34,
,34.125,
,34.0625,
,34.0625,
,34.0625,
,34.0625,
,34.125,
,34.1875,
,34,
,34,
,34.0625,
,34.0625,
,34,
,34.125,
,34.1875,
,34.25,
,34.1875,
,34.0625,
,34.1875,
,34.25,
,34.125,
,34.125,
,34.125,
,34.25,
,34.0625,
,34.25,
,34.25,
,34.25,
,34.25,
,34.125,
,34.125,
,34.3125,
,34.25,
,34.25,
,34.1875,
,34.1875,
,34.125,
,34.125,
,34.1875,
,34.375,
,34.3125,
,34.1875,
,34.25,
,34.25,
,34.1875,
,34.1875,
,34.1875,
,34.25,
,34.25,
,34.4375,
,34.25,
,34.1875,
,34.3125,
,34.3125,
,34.25,
,34.25,
,34.3125,
,34.1875,
,34.25,
,34.3125,
,34.25,
,34.3125,
,34.3125,
,34.4375,
,34.1875,
,34.125,
,34.25,
,34.3125,
,34.25,
,34.125,
,34.3125,
,34.375,
,34.3125,
,34.5,
,34.25,
,34.375,
,34.375,
,34.3125,
,34.4375,
,34.4375,
,34.3125,
,34.25,
,34.3125,
,34.375,
,34.4375,
,34.25,
,34.25,
,34.4375,
,34.3125,
,34.4375,
,34.3125,
,34.4375,
,34.25,
,34.3125,
59,34.25,
59,34.375,
59,34.4375,
59,34.375,
59,34.375,
59,34.4375,
59,34.5,
59,34.4375,
59,34.3125,
59,34.375,
59,34.4375,
59,34.4375,
59,34.5,
59,34.375,
59,34.375,
59,34.4375,
59,34.4375,
59,34.5,
59,34.4375,
59,34.4375,
59,34.3125,
59,34.5625,
59,34.4375,
59,34.4375,
59,34.4375,
59,34.5,
59,34.4375,
59,34.5,
59,34.5,
59,34.5625,
59,34.4375,
59,34.4375,
59,34.4375,
59,34.5,
59,34.5625,
59,34.5625,
59,34.625,
59,34.625,
59,34.5625,
59,34.4375,
59,34.5,
59,34.4375,
59,34.5,
59,34.625,
59,34.4375,
59,34.5625,
59,34.4375,
59,34.5625,
59,34.5625,
59,34.5,
59,34.6875,
59,34.5625,
59,34.5,
59,34.5,
59,34.5625,
59,34.5,
59,34.4375,
59,34.4375,
59,34.5,
59,34.6875,
59,34.5,
59,34.5625,
59,34.375,
59,34.5,
59,34.625,
59,34.4375,
59,34.625,
59,34.5,
59,34.5625,
59,34.625,
59,34.6875,
59,34.5625,
59,34.5625,
59,34.5625,
59,34.5,
59,34.625,
59,34.8125,
59,34.6875,
59,34.625,
59,34.625,
59,34.625,
59,34.625,
59,34.6875,
59,34.6875,
59,34.5625,
59,34.6875,
59,34.625,
59,34.4375,
59,34.5625,
59,34.625,
59,34.625,
59,34.5625,
59,34.5625,
59,34.6875,
59,34.625,
59,34.6875,
59,34.625,
59,34.625,
59,34.6875,
59,34.6875,
15,34.625,
15,34.625,
15,34.625,
15,34.6875,
15,34.6875,
15,34.75,
15,34.6875,
15,34.5625,
15,34.625,
15,34.6875,
15,34.5625,
15,34.6875,
15,34.625,
15,34.6875,
15,34.625,
15,34.625,
15,34.5625,
15,34.6875,
15,34.625,
15,34.625,
15,34.625,
15,34.5625,
15,34.75,
65,34.6875,
65,34.625,
65,34.875,
65,34.625,
65,34.8125,
65,34.625,
65,34.625,
65,34.75,
65,34.6875,
65,34.6875,
65,34.625,
65,34.6875,
65,34.625,
65,34.8125,
65,34.625,
65,34.75,
65,34.875,
65,34.5625,
65,34.6875,
65,34.6875,
65,34.75,
65,34.8125,
65,34.8125,
65,34.75,
65,34.6875,
65,34.6875,
65,34.75,
65,34.5625,
65,34.8125,
65,34.8125,
65,34.75,
65,34.75,
65,34.8125,
65,34.8125,
65,34.8125,
65,34.9375,
65,34.75,
65,34.875,
65,34.875,
65,34.8125,
65,34.75,
65,34.8125,
65,34.75,
65,34.75,
65,34.75,
65,34.6875,
65,34.625,
65,34.75,
65,34.75,
65,34.75,
65,34.625,
65,34.75,
65,34.75,
65,34.75,
65,34.8125,
65,34.875,
65,34.875,
65,34.75,
65,34.75,
65,34.8125,
25,34.8125,
25,34.875,
25,34.8125,
25,34.8125,
25,34.8125,
25,34.8125,
25,34.75,
25,34.875,
25,35,
25,34.6875,
25,34.875,
25,34.75,
25,34.75,
25,34.8125,
25,34.875,
25,34.875,
25,34.75,
25,34.75,
25,34.8125,
77,34.875,
77,34.8125,
77,34.875,
77,34.8125,
77,35,
77,35,
77,34.8125,
77,34.875,
77,34.9375,
77,34.875,
77,34.75,
77,34.8125,
77,34.9375,
77,34.8125,
77,34.875,
77,34.9375,
77,34.75,
77,34.75,
77,34.8125,
80,34.875,
80,34.75,
80,34.9375,
80,34.8125,
80,34.9375,
80,34.6875,
80,34.9375,
80,35,
80,34.9375,
80,34.9375,
80,34.875,
80,34.875,
80,34.8125,
80,34.875,
80,34.875,
80,34.875,
80,34.875,
80,34.8125,
80,34.75,
80,34.875,
80,34.9375,
80,34.8125,
80,34.875,
80,34.875,
80,34.875,
80,35,
80,34.9375,
80,35.0625,
80,34.875,
80,34.9375,
80,34.9375,
80,34.875,
80,34.9375,
80,34.8125,
80,34.875,
80,34.875,
80,35.0625,
80,34.875,
80,34.875,
80,34.875,
80,34.8125,
80,34.875,
80,34.875,
80,35.0625,
80,34.9375,
33,34.875,
33,34.875,
33,35,
33,34.875,
33,34.9375,
33,35.0625,
33,34.8125,
33,35,
33,35.0625,
33,34.9375,
33,34.875,
33,35,
33,34.875,
33,34.875,
33,34.8125,
33,34.9375,
33,34.9375,
33,34.9375,
33,35.0625,
79,35,
79,35.0625,
79,34.9375,
79,35,
79,35,
79,34.9375,
79,35.0625,
79,34.9375,
79,35.0625,
79,34.875,
79,35.0625,
79,34.9375,
79,35,
79,35,
79,34.9375,
79,34.8125,
79,35.0625,
79,35.0625,
79,34.875,
79,34.875,
74,35,
74,34.9375,
74,35.0625,
74,35,
74,35.0625,
74,34.875,
74,35.0625,
74,34.875,
74,34.9375,
74,35,
74,35.0625,
74,34.9375,
74,35.0625,
74,34.9375,
74,35.0625,
74,35,
74,35,
74,35.0625,
74,35.0625,
74,34.9375,
74,35,
74,34.875,
74,34.875,
74,35.0625,
62,35.25,
62,35.0625,
62,34.9375,
62,35,
62,35,
62,35.0625,
62,35,
62,34.9375,
62,34.875,
62,35,
62,35.0625,
62,34.9375,
62,34.9375,
62,34.9375,
62,34.9375,
62,35.0625,
62,35.0625,
62,35.0625,
62,35,
62,34.9375,
62,35.0625,
62,35.1875,
68,35.125,
68,34.9375,
68,34.9375,
68,35.125,
68,35,
68,34.9375,
68,34.9375,
68,35,
68,35.0625,
68,35.0625,
68,35,
68,35.0625,
68,35.1875,
68,35.0625,
68,35.25,
68,34.9375,
68,35.125,
68,35.0625,
83,35,
83,35,
83,35.1875,
83,35.125,
83,35.1875,
83,35.125,
83,34.9375,
83,35,
83,35.0625,
83,35.0625,
83,35.0625,
83,35,
83,35.1875,
83,35.0625,
83,35.25,
83,35.0625,
83,35.0625,
83,35,
83,35.25,
83,35.0625,
83,35.1875,
83,35.0625,
83,35.1875,
83,34.9375,
83,34.9375,
83,35.0625,
83,35.0625,
83,35.0625,
53,35.125,
53,35.1875,
53,35.125,
53,35.1875,
53,34.9375,
53,35,
53,35.0625,
53,35.0625,
53,35.0625,
53,35.0625,
53,35.125,
53,35.125,
53,35.1875,
53,35,
53,35.0625,
53,35.0625,
53,35.125,
53,35.125,
53,35.125,
53,35.1875,
53,35.0625,
53,34.9375,
53,35,
53,35.1875,
53,35.25,
59,35.0625,
59,35.1875,
59,35.1875,
59,35.1875,
59,35.25,
59,35.125,
59,35.1875,
59,35.1875,
59,35,
59,35.0625,
59,35.125,
59,35,
59,35,
59,35.125,
59,35.0625,
59,35.125,
59,35.1875,
59,35.125,
83,35.0625,
83,35.25,
83,35,
83,35.3125,
83,35.125,
83,35,
83,35.125,
83,35.1875,
83,35.1875,
83,35.0625,
83,35.1875,
83,35.1875,
83,35.1875,
83,35.0625,
83,35.125,
83,35.1875,
83,35.1875,
83,35.1875,
83,35.25,
83,35.1875,
83,35.0625,
83,35.3125,
83,35.1875,
83,35.25,
83,35.25,
83,35.1875,
57,35.0625,
57,35.25,
57,35.125,
57,35.1875,
57,35.0625,
57,35.0625,
57,35.25,
57,35.1875,
57,35.1875,
57,35.1875,
57,35.125,
57,35.1875,
57,35.1875,
57,35.0625,
57,35.1875,
57,35.25,
57,35.1875,
57,35.1875,
57,35.125,
57,35.3125,
75,35.0625,
75,35.125,
75,35.125,
75,35.25,
75,35.25,
75,35.1875,
75,35.0625,
75,35.1875,
75,35.1875,
75,35.25,
75,35.3125,
75,35.1875,
75,35.125,
75,35.125,
75,35.1875,
75,35.1875,
75,35.1875,
89,35.1875,
89,35.1875,
89,35.3125,
89,35.1875,
89,35.25,
89,35.25,
89,35.25,
89,35.25,
89,35.25,
89,35.375,
89,35.3125,
89,35.125,
89,35.25,
89,35.125,
89,35.25,
89,35.125,
89,35.3125,
89,35.0625,
89,35.25,
89,35.0625,
89,35.1875,
89,35.1875,
89,35.4375,
64,35.25,
64,35.1875,
64,35.1875,
64,35.25,
64,35.3125,
64,35.25,
64,35.0625,
64,35.25,
64,35.125,
64,35.25,
64,35.1875,
64,35.1875,
64,35.1875,
64,35.25,
64,35.25,
64,35.3125,
64,35.1875,
64,35.3125,
64,35.1875,
64,35.25,
64,35.3125,
64,35.3125,
64,35.25,
64,35.25,
64,35.1875,
60,35.25,
60,35.1875,
60,35.25,
60,35.3125,
60,35.25,
60,35.1875,
60,35.1875,
60,35.0625,
60,35.25,
60,35.25,
60,35.25,
60,35.25,
60,35.3125,
60,35.1875,
60,35.3125,
60,35.375,
60,35.1875,
60,35.1875,
60,35.1875,
60,35.1875,
60,35.375,
60,35.4375,
60,35.25,
60,35.3125,
60,35.25,
60,35.1875,
60,35.25,
60,35.375,
53,35.3125,
53,35.25,
53,35.3125,
53,35.25,
53,35.25,
53,35.1875,
53,35.125,
53,35.3125,
53,35.25,
53,35.3125,
53,35.375,
53,35.1875,
53,35.375,
53,35.3125,
53,35.1875,
53,35.25,
53,35.3125,
53,35.25,
53,35.375,
53,35.25,
75,35.1875,
75,35.1875,
75,35.25,
75,35.25,
75,35.25,
75,35.125,
75,35.3125,
75,35.25,
75,35.375,
75,35.25,
75,35.3125,
75,35.25,
75,35.125,
75,35.3125,
75,35.3125,
75,35.25,
75,35.4375,
75,35.1875,
75,35.375,
75,35.25,
74,35.25,
74,35.3125,
74,35.4375,
74,35.25,
74,35.25,
74,35.25,
74,35.375,
74,35.3125,
74,35.3125,
74,35.3125,
74,35.3125,
74,35.375,
74,35.3125,
74,35.1875,
74,35.25,
74,35.3125,
74,35.3125,
74,35.375,
74,35.4375,
74,35.3125,
74,35.1875,
74,35.25,
74,35.25,
74,35.3125,
74,35.1875,
74,35.25,
74,35.375,
74,35.1875,
74,35.3125,
74,35.375,
74,35.25,
74,35.3125,
74,35.4375,
74,35.25,
74,35.4375,
74,35.1875,
74,35.3125,
74,35.3125,
74,35.3125,
74,35.3125,
74,35.4375,
74,35.1875,
74,35.4375,
74,35.25,
74,35.25,
74,35.375,
74,35.3125,
31,35.25,
31,35.25,
31,35.3125,
31,35.4375,
31,35.3125,
31,35.25,
31,35.375,
31,35.25,
31,35.25,
31,35.0625,
31,35.3125,
31,35.4375,
31,35.25,
31,35.4375,
31,35.1875,
31,35.3125,
31,35.3125,
31,35.4375,
31,35.25,
31,35.25,
31,35.3125,
31,35.3125,
31,35.3125,
31,35.3125,
31,35.25,
31,35.4375,
31,35.25,
31,35.3125,
31,35.25,
31,35.3125,
31,35.1875,
31,35.4375,
31,35.3125,
31,35.375,
31,35.375,
31,35.3125,
41,35.3125,
41,35.4375,
41,35.25,
41,35.25,
41,35.3125,
41,35.375,
41,35.25,
41,35.25,
41,35.1875,
41,35.25,
41,35.1875,
41,35.375,
41,35.375,
41,35.25,
41,35.375,
41,35.375,
41,35.3125,
41,35.375,
41,35.3125,
41,35.25,
41,35.4375,
41,35.375,
41,35.3125,
41,35.1875,
41,35.375,
41,35.1875,
41,35.3125,
41,35.3125,
41,35.375,
41,35.3125,
41,35.3125,
41,35.3125,
41,35.375,
41,35.3125,
41,35.3125,
41,35.375,
41,35.3125,
41,35.375,
41,35.375,
41,35.3125,
41,35.4375,
41,35.5,
41,35.375,
41,35.4375,
41,35.375,
41,35.25,
41,35.3125,
41,35.4375,
41,35.25,
41,35.4375,
41,35.4375,
41,35.4375,
41,35.4375,
41,35.4375,
41,35.4375,
41,35.25,
41,35.375,
41,35.4375,
41,35.3125,
41,35.3125,
41,35.375,
41,35.4375,
41,35.3125,
41,35.375,
41,35.375,
41,35.25,
41,35.375,
41,35.4375,
41,35.375,
41,35.3125,
41,35.375,
41,35.4375,
41,35.4375,
41,35.4375,
41,35.375,
41,35.3125,
41,35.3125,
41,35.5625,
41,35.375,
41,35.4375,
41,35.4375,
41,35.4375,
41,35.4375,
41,35.375,
41,35.375,
41,35.3125,
41,35.4375,
17,35.5,
17,35.375,
17,35.4375,
17,35.375,
17,35.3125,
17,35.4375,
17,35.4375,
17,35.4375,
17,35.5,
17,35.3125,
17,35.4375,
17,35.25,
17,35.4375,
17,35.3125,
17,35.4375,
17,35.5625,
17,35.4375,
17,35.3125,
17,35.5,
17,35.3125,
17,35.5625,
70,35.3125,
70,35.3125,
70,35.4375,
70,35.375,
70,35.375,
70,35.4375,
70,35.375,
70,35.5,
70,35.3125,
70,35.4375,
70,35.5,
70,35.375,
70,35.4375,
70,35.5625,
70,35.3125,
70,35.4375,
70,35.3125,
70,35.625,
70,35.4375,
80,35.5,
80,35.3125,
80,35.4375,
80,35.375,
80,35.375,
80,35.4375,
80,35.3125,
80,35.4375,
80,35.5,
80,35.4375,
80,35.5,
80,35.5625,
80,35.4375,
80,35.375,
80,35.4375,
80,35.4375,
80,35.4375,
80,35.3125,
80,35.375,
80,35.625,
80,35.4375,
80,35.4375,
80,35.25,
80,35.5,
80,35.5625,
80,35.5,
80,35.5,
80,35.4375,
80,35.5,
80,35.5,
80,35.4375,
80,35.4375,
80,35.4375,
80,35.5625,
80,35.625,
80,35.375,
80,35.4375,
80,35.4375,
80,35.5,
80,35.5625,
80,35.4375,
80,35.5,
80,35.5,
80,35.5,
80,35.625,
80,35.375,
80,35.375,
80,35.375,
80,35.375,
80,35.3125,
80,35.4375,
15,35.5,
15,35.5625,
15,35.4375,
15,35.5625,
15,35.4375,
15,35.5,
15,35.375,
15,35.5625,
15,35.5,
15,35.5,
15,35.5,
15,35.5625,
15,35.5625,
15,35.625,
15,35.375,
15,35.3125,
15,35.6875,
89,35.5,
89,35.4375,
89,35.4375,
89,35.5,
89,35.5,
89,35.5625,
89,35.5625,
89,35.5,
89,35.4375,
89,35.5,
89,35.5625,
89,35.5,
89,35.375,
89,35.375,
89,35.5,
89,35.625,
89,35.5,
89,35.375,
89,35.5,
89,35.4375,
89,35.5625,
89,35.5625,
68,35.5,
68,35.4375,
68,35.625,
68,35.5,
68,35.5,
68,35.4375,
68,35.5,
68,35.4375,
68,35.5,
68,35.5,
68,35.4375,
68,35.5625,
68,35.4375,
68,35.4375,
68,35.4375,
68,35.4375,
68,35.4375,
68,35.5,
68,35.4375,
78,35.5,
78,35.6875,
78,35.4375,
78,35.5625,
78,35.4375,
78,35.5625,
78,35.5625,
78,35.4375,
78,35.4375,
78,35.5,
78,35.4375,
78,35.4375,
78,35.5625,
78,35.625,
78,35.5,
78,35.5,
78,35.4375,
78,35.5,
78,35.5625,
79,35.4375,
79,35.5,
79,35.5625,
79,35.5,
79,35.5625,
79,35.5,
79,35.4375,
79,35.4375,
79,35.5625,
79,35.4375,
79,35.375,
79,35.5,
79,35.5625,
79,35.4375,
79,35.5,
79,35.5625,
79,35.4375,
79,35.5625,
79,35.625,
79,35.5625,
79,35.5625,
79,35.4375,
79,35.4375,
79,35.375,
79,35.5,
79,35.5625,
79,35.4375,
55,35.4375,
55,35.625,
55,35.5,
55,35.5625,
55,35.4375,
55,35.4375,
55,35.4375,
55,35.5,
55,35.375,
55,35.4375,
55,35.5,
55,35.5625,
55,35.375,
55,35.5625,
55,35.4375,
55,35.5625,
55,35.5625,
55,35.5,
55,35.375,
55,35.5,
55,35.625,
55,35.5,
55,35.4375,
55,35.4375,
55,35.3125,
55,35.4375,
55,35.5,
55,35.5,
55,35.5,
55,35.3125,
55,35.4375,
55,35.5625,
55,35.5,
55,35.5,
55,35.4375,
55,35.5,
55,35.4375,
55,35.4375,
55,35.5,
55,35.5625,
55,35.4375,
55,35.4375,
55,35.625,
55,35.625,
55,35.5625,
55,35.4375,
55,35.3125,
55,35.5625,
55,35.5625,
55,35.625,
55,35.5625,
29,35.625,
29,35.5,
29,35.5625,
29,35.5625,
29,35.625,
29,35.375,
29,35.5625,
29,35.5,
29,35.5625,
29,35.5625,
29,35.5,
29,35.4375,
29,35.5,
29,35.4375,
29,35.5,
29,35.4375,
29,35.4375,
29,35.5625,
29,35.4375,
29,35.625,
29,35.375,
29,35.4375,
29,35.375,
29,35.5,
29,35.625,
29,35.4375,
29,35.625,
29,35.5625,
29,35.5,
29,35.5,
29,35.625,
29,35.5,
29,35.625,
29,35.4375,
29,35.5625,
29,35.4375,
29,35.625,
29,35.5,
29,35.625,
29,35.375,
29,35.625,
29,35.5625,
29,35.6875,
29,35.5625,
29,35.4375,
29,35.4375,
29,35.5625,
29,35.5,
29,35.375,
29,35.5,
29,35.5625,
29,35.4375,
29,35.625,
29,35.4375,
29,35.5,
29,35.5,
29,35.5,
29,35.375,
25,35.5,
25,35.625,
25,35.5,
25,35.5,
25,35.6875,
25,35.5625,
25,35.5625,
25,35.4375,
25,35.5,
25,35.625,
25,35.5,
25,35.4375,
25,35.5,
25,35.4375,
25,35.625,
25,35.4375,
25,35.3125,
25,35.625,
25,35.5,
25,35.5,
25,35.625,
25,35.4375,
25,35.5625,
64,35.4375,
64,35.5,
64,35.375,
64,35.6875,
64,35.5,
64,35.4375,
64,35.5625,
64,35.625,
64,35.4375,
64,35.5625,
64,35.5625,
64,35.4375,
64,35.4375,
64,35.5625,
64,35.5625,
64,35.5625,
64,35.5625,
64,35.5,
64,35.5625,
64,35.5625,
64,35.4375,
64,35.625,
64,35.5625,
64,35.5,
64,35.4375,
64,35.625,
64,35.4375,
64,35.625,
64,35.5,
64,35.5,
64,35.5,
64,35.5625,
64,35.375,
64,35.5625,
64,35.4375,
64,35.5,
64,35.5625,
64,35.6875,
39,35.3125,
39,35.5,
39,35.5625,
39,35.5625,
39,35.625,
39,35.4375,
39,35.5,
39,35.625,
39,35.375,
39,35.4375,
39,35.375,
39,35.375,
39,35.5,
39,35.5625,
39,35.5625,
39,35.6875,
39,35.625,
39,35.4375,
39,35.5,
39,35.625,
39,35.4375,
39,35.6875,
39,35.25,
39,35.5,
39,35.5625,
39,35.625,
39,35.5625,
39,35.5625,
39,35.375,
39,35.625,
39,35.625,
39,35.625,
39,35.375,
39,35.625,
39,35.4375,
39,35.5,
39,35.625,
39,35.4375,
39,35.5625,
39,35.625,
39,35.4375,
39,35.4375,
39,35.5625,
35,35.4375,
35,35.5625,
35,35.5,
35,35.5625,
35,35.625,
35,35.5625,
35,35.6875,
35,35.5,
35,35.5625,
35,35.4375,
35,35.5625,
35,35.375,
35,35.5,
35,35.75,
35,35.5625,
35,35.5,
35,35.5,
35,35.5,
35,35.5625,
77,35.6875,
77,35.5625,
77,35.5,
77,35.5625,
77,35.6875,
77,35.4375,
77,35.5,
77,35.5,
77,35.5,
77,35.625,
77,35.5,
77,35.5625,
77,35.5,
77,35.5625,
77,35.4375,
77,35.625,
77,35.4375,
77,35.5625,
77,35.625,
77,35.5,
77,35.5,
77,35.6875,
68,35.625,
68,35.5625,
68,35.4375,
68,35.5625,
68,35.4375,
68,35.5,
68,35.5,
68,35.5,
68,35.625,
68,35.5625,
68,35.5625,
68,35.5,
68,35.625,
68,35.4375,
68,35.6875,
68,35.5625,
68,35.4375,
68,35.5625,
68,35.5625,
68,35.625,
68,35.625,
68,35.5,
68,35.4375,
68,35.5625,
68,35.5,
68,35.6875,
68,35.5625,
68,35.625,
68,35.625,
68,35.625,
68,35.5,
68,35.5625,
68,35.5625,
68,35.5625,
68,35.5625,
68,35.4375,
68,35.4375,
68,35.4375,
68,35.5625,
68,35.5625,
68,35.5,
68,35.5625,
68,35.5625,
68,35.625,
68,35.5625,
68,35.5625,
32,35.5625,
32,35.5,
32,35.5625,
32,35.4375,
32,35.4375,
32,35.625,
32,35.5625,
32,35.4375,
32,35.5625,
32,35.5,
32,35.5625,
32,35.6875,
125,35.625,
125,35.5625,
125,35.5,
125,35.5625,
125,35.5625,
125,35.5625,
125,35.625,
125,35.5625,
125,35.5625,
125,35.6875,
125,35.5625,
125,35.5,
125,35.625,
125,35.5,
125,35.5625,
125,35.625,
125,35.5,
125,35.625,
125,35.5,
125,35.5625,
125,35.4375,
125,35.5,
125,35.5625,
125,35.5625,
125,35.5,
125,35.4375,
125,35.6875,
125,35.5625,
125,35.5,
125,35.4375,
125,35.625,
125,35.5,
125,35.4375,
125,35.4375,
125,35.5625,
125,35.5625,
125,35.5625,
125,35.5625,
125,35.4375,
125,35.5625,
125,35.5,
125,35.5,
125,35.5625,
125,35.5625,
125,35.5,
125,35.5625,
125,35.5,
125,35.5,
125,35.5625,
125,35.5,
125,35.5,
125,35.4375,
125,35.5,
125,35.5625,
125,35.5,
125,35.5625,
125,35.5,
125,35.5,
125,35.625,
25,35.5,
25,35.5625,
25,35.625,
25,35.4375,
25,35.4375,
25,35.625,
25,35.5,
25,35.4375,
25,35.4375,
25,35.5625,
25,35.5625,
25,35.5625,
25,35.5625,
25,35.625,
25,35.75,
25,35.5625,
25,35.4375,
25,35.5,
25,35.6875,
25,35.5625,
25,35.5,
25,35.625,
25,35.5625,
25,35.4375,
25,35.6875,
25,35.5,
25,35.5,
25,35.5625,
25,35.5625,
25,35.625,
25,35.5625,
25,35.375,
25,35.625,
25,35.4375,
25,35.5,
25,35.4375,
25,35.625,
25,35.5625,
25,35.5625,
25,35.4375,
25,35.5625,
25,35.5625,
25,35.5,
25,35.5625,
25,35.5,
25,35.5,
25,35.625,
25,35.5625,
25,35.4375,
25,35.5625,
25,35.5625,
25,35.5625,
25,35.625,
25,35.5,
25,35.5625,
25,35.5,
25,35.6875,
25,35.5,
25,35.5,
25,35.625,
25,35.4375,
25,35.5,
25,35.5,
25,35.375,
25,35.4375,
25,35.4375,
25,35.5625,
25,35.4375,
25,35.625,
25,35.5625,
25,35.6875,
25,35.5625,
25,35.4375,
25,35.5625,
25,35.625,
25,35.4375,
25,35.6875,
25,35.5,
25,35.6875,
25,35.5625,
25,35.5,
25,35.5625,
25,35.6875,
25,35.625,
25,35.625,
25,35.5,
25,35.4375,
25,35.4375,
25,35.625,
25,35.5,
25,35.4375,
25,35.5625,
25,35.6875,
25,35.6875,
25,35.5625,
25,35.5,
25,35.5,
25,35.75,
25,35.5,
25,35.5625,
25,35.625,
25,35.5,
25,35.4375,
25,35.5,
25,35.4375,
25,35.625,
25,35.5,
25,35.4375,
25,35.5625,
25,35.375,
25,35.5,
25,35.5625,
25,35.5625,
25,35.5625,
25,35.5,
25,35.5625,
25,35.75,
25,35.5625,
25,35.5625,
25,35.5,
25,35.6875,
25,35.5625,
25,35.5,
25,35.5625,
25,35.375,
25,35.4375,
25,35.5,
25,35.625,
25,35.4375,
25,35.375,
25,35.625,
25,35.625,
25,35.5625,
25,35.4375,
25,35.4375,
25,35.375,
25,35.5625,
25,35.75,
25,35.5625,
25,35.375,
25,35.5625,
10,35.6875,
10,35.5625,
10,35.4375,
10,35.625,
10,35.5,
10,35.625,
10,35.5,
10,35.625,
10,35.5625,
10,35.5625,
10,35.6875,
10,35.625,
10,35.5625,
10,35.625,
10,35.5,
10,35.5625,
93,35.625,
93,35.625,
93,35.5625,
93,35.5,
93,35.5625,
93,35.5,
93,35.625,
93,35.5625,
93,35.375,
93,35.4375,
93,35.5625,
93,35.5625,
93,35.5,
93,35.4375,
93,35.4375,
93,35.5625,
93,35.5,
93,35.5625,
93,35.5625,
93,35.6875,
93,35.5625,
93,35.625,
93,35.4375,
93,35.5,
93,35.5625,
93,35.625,
57,35.5,
57,35.5625,
57,35.5625,
57,35.5,
57,35.625,
57,35.5,
57,35.5625,
57,35.6875,
57,35.4375,
57,35.5625,
57,35.625,
57,35.5,
57,35.5,
57,35.4375,
57,35.5,
57,35.625,
57,35.6875,
89,35.5,
89,35.5625,
89,35.625,
89,35.4375,
89,35.5,
89,35.5,
89,35.5625,
89,35.5,
89,35.5625,
89,35.5625,
89,35.5625,
89,35.5,
89,35.5625,
89,35.5,
89,35.6875,
89,35.5,
89,35.625,
89,35.5,
89,35.5,
89,35.5,
89,35.4375,
89,35.5625,
89,35.4375,
89,35.4375,
89,35.625,
89,35.6875,
89,35.6875,
89,35.4375,
89,35.5625,
89,35.4375,
89,35.625,
89,35.6875,
89,35.5625,
89,35.6875,
89,35.625,
89,35.5,
89,35.6875,
89,35.625,
89,35.5625,
89,35.6875,
89,35.5625,
89,35.5,
89,35.5625,
89,35.625,
89,35.5,
89,35.5625,
89,35.5625,
89,35.5,
89,35.6875,
89,35.5625,
89,35.4375,
89,35.625,
89,35.5625,
89,35.5625,
89,35.625,
89,35.4375,
89,35.625,
89,35.5625,
89,35.5625,
89,35.5625,
89,35.6875,
89,35.4375,
89,35.6875,
89,35.4375,
89,35.4375,
89,35.6875,
89,35.625,
89,35.5,
89,35.4375,
89,35.4375,
89,35.5,
89,35.5625,
89,35.625,
89,35.6875,
89,35.625,
89,35.5625,
89,35.5,
89,35.625,
89,35.4375,
89,35.4375,
